Tag;Value
3d;2
advertising;1
ajax;9
animation;5
api;4
apple;8
architecture;2
art;1
article;1
artist;1
audio;3
blog;5
blogging;4
book;6
browser;9
business;2
car;1
code;6
collaboration;2
comics;1
community;3
computer;9
converter;2
cooking;1
cool;5
css;7
culture;2
data;7
database;8
design;6
desktop;3
development;7
diy;2
documentation;4
downloads;7
drupal;2
ebooks;6
economics;4
education;4
electronics;3
email;5
entertainment;6
environment;5
fashion;2
film;4
finance;2
firefox;7
flash;5
flex;2
flickr;4
food;2
forum;5
free;8
freeware;7
fun;4
funny;1
gallery;3
games;9
geek;4
google;10
government;1
graphics;5
green;2
guide;6
hardware;7
health;2
history;1
home;1
hosting;2
house;1
howto;6
html;10
humor;2
icons;3
illustration;2
images;3
information;7
interactive;2
internet;10
iphone;8
japan;4
java;4
javascript;7
jobs;2
jquery;7
learning;3
linux;4
list;1
literature;2
mac;5
magazine;2
management;2
maps;4
marketing;2
math;1
media;7
microsoft;10
mobile;8
money;4
movies;8
mp3;4
music;5
network;4
news;6
online;3
opensource;7
people;2
phone;3
photo;5
photography;6
photos;4
photoshop;7
php;8
plugin;3
podcast;2
politics;1
portfolio;4
privacy;5
programming;8
python;3
radio;2
realestate;2
recipes;1
reference;2
religion;1
research;1
resources;2
reviews;2
rss;4
ruby;2
rubyonrails;1
school;2
science;1
search;1
security;3
seo;4
shop;3
shopping;7
social;5
software;10
streaming;2
teaching;2
tech;3
technology;4
tips;5
todo;2
tools;7
travel;3
tutorials;6
tv;2
twitter;8
typography;2
ubuntu;4
usability;2
video;3
visualization;3
web;9
web2.0;4
webdesign;7
webdev;2
wiki;3
wikipedia;8
windows;10
wishlist;3
wordpress;5
work;2
writing;1
youtube;10
